--영화 리스트 테이블 생성
CREATE TABLE MOVIE_LIST(
    NUM VARCHAR2(3) NOT NULL PRIMARY KEY,
    PRO_CODE VARCHAR2(50) NOT NULL,
    DR_CODE VARCHAR2(10) NOT NULL,
    MOVIE_TITLE VARCHAR2(30) UNIQUE,
    GRADE_ID VARCHAR2(3),
    RELEASE_DATE NUMBER,
    BOX_OFFICE NUMBER,
    SCORE NUMBER(5,2)
);



--COLUMN 추가
COMMENT ON COLUMN MOVIE_LIST.NUM IS '번호';
COMMENT ON COLUMN MOVIE_LIST.FILM_PRO IS '제작사코드';
COMMENT ON COLUMN MOVIE_LIST.DR_CODE IS '감독';
COMMENT ON COLUMN MOVIE_LIST.MOVIE_TITLE IS '영화제목';
COMMENT ON COLUMN MOVIE_LIST.GRADE_ID IS '시청연령제한 번호';
COMMENT ON COLUMN MOVIE_LIST.RELEASE_DATE IS '영화공개일정';
COMMENT ON COLUMN MOVIE_LIST.BOX_OFFICE IS '영화수익';
COMMENT ON COLUMN MOVIE_LIST.SCORE IS '평점';




--영화 데이터 추가
INSERT INTO MOVIE_LIST VALUES('1' , 'PR1','DR1','아이언맨1','A2',20080302,318000000,94);
INSERT INTO MOVIE_LIST VALUES('2' , 'PR1','DR2','인크레더블 헐크','A3',20080613,134500000,67);
INSERT INTO MOVIE_LIST VALUES('3' , 'PR1','DR1','아이언맨2','A2',20101021,312100000,72);
INSERT INTO MOVIE_LIST VALUES('4' , 'PR1','DR3','토르','A2',20110506,268000000,77);
INSERT INTO MOVIE_LIST VALUES('5' , 'PR1','DR4','캡틴 아메리카:퍼스트어벤져','A2',20110722,176600000,80);
INSERT INTO MOVIE_LIST VALUES('6' , 'PR1','DR5','어벤져스','A2',20120504,220000000,92);
INSERT INTO MOVIE_LIST VALUES('7' , 'PR1','DR6','아이언맨3','A2',20130503,409000000,79);
INSERT INTO MOVIE_LIST VALUES('8' , 'PR1','DR7','토르:다크 월드','A2',20131108,206400000,66);
INSERT INTO MOVIE_LIST VALUES('9' , 'PR1','DR8','캡틴 아메리카:윈터솔져','A3',20140404,259700000,90);
INSERT INTO MOVIE_LIST VALUES('10' , 'PR1','DR9','가디언즈 오브 갤럭시','A2',20140801,333700000,92);
INSERT INTO MOVIE_LIST VALUES('11' , 'PR1','DR5','어벤져스:에이지 오브 울트론','A2',20150501,459000000,76);
INSERT INTO MOVIE_LIST VALUES('12' , 'PR1','DR10','앤트맨','A2',20150717,180200000,83);
INSERT INTO MOVIE_LIST VALUES('13' , 'PR1','DR8','캡틴아메리카:시빌워','A2',20160506,408100000,90);
INSERT INTO MOVIE_LIST VALUES('14' , 'PR1','DR11','닥터스트레인지','A2',20161104,232600000,89);
INSERT INTO MOVIE_LIST VALUES('15' , 'PR1','DR9','가디언즈 오브 갤럭시2','A2',20170505,389800000,85);
INSERT INTO MOVIE_LIST VALUES('16' , 'PR1','DR12','스파이더맨:홈 커밍','A2',20170707,334400000,92);
INSERT INTO MOVIE_LIST VALUES('17' , 'PR1','DR13','토르:라그나로크','A2',20171103,315000000,93);
INSERT INTO MOVIE_LIST VALUES('18' , 'PR1','DR14','블랙 팬서','A2',20170216,700200000,96);
INSERT INTO MOVIE_LIST VALUES('19' , 'PR1','DR8','어벤져스:인피니티 워','A2',20180427,678800000,85);
INSERT INTO MOVIE_LIST VALUES('20' , 'PR1','DR10','앤트맨과 와스프','A2',20180706,312100000,87);
INSERT INTO MOVIE_LIST VALUES('21' , 'PR1','DR15','캡틴마블','A2',20190308,426800000,79);
INSERT INTO MOVIE_LIST VALUES('22' , 'PR1','DR8','어벤져스:엔드게임','A2',20190426,858400000,94);
INSERT INTO MOVIE_LIST VALUES('23' , 'PR1','DR12','스파이더맨:파프롬홈','A2',20190702,390700000,90);
INSERT INTO MOVIE_LIST VALUES('24' , 'PR1','DR16','블랙위도우','A2',20210709,183600000,79);
INSERT INTO MOVIE_LIST VALUES('25' , 'PR1','DR17','셩치와텐링즈의전설','A2',20210903,312100000,91);
INSERT INTO MOVIE_LIST VALUES('26' , 'PR1','DR18','이터널스','A2',20211105,164800000,47);
INSERT INTO MOVIE_LIST VALUES('27' , 'PR1','DR12','스파이더맨:노웨이홈','A2',20211217,668800000,93);



--마블 OTT 드라마 테이블 만들기
CREATE TABLE NDRAMA_LIST(
    NUM VARCHAR2(3) NOT NULL PRIMARY KEY,
    OTT_CODE VARCHAR2(30) NOT NULL,
    PROD_CODE VARCHAR2(20) NOT NULL,
    GRADE_ID VARCHAR2(3),
    DRAMA_TITLE VARCHAR2(100),
    SEASON VARCHAR2(10) NOT NULL,
    RELEASE_DATE NUMBER,
    END_DATE NUMBER,
    TIMES NUMBER(5,2)
);



--COLUMN 추가
COMMENT ON COLUMN NDRAMA_LIST.NUM IS '번호';
COMMENT ON COLUMN NDRAMA_LIST.OTT_CODE IS 'OTT코드';
COMMENT ON COLUMN NDRAMA_LIST.PROD_CODE IS '제작회사코드';
COMMENT ON COLUMN NDRAMA_LIST.GRADE_ID IS '시청연령제한 번호';
COMMENT ON COLUMN NDRAMA_LIST.DRAMA_TITLE IS '드라마제목';
COMMENT ON COLUMN NDRAMA_LIST.SEASON IS '시즌';
COMMENT ON COLUMN NDRAMA_LIST.RELEASE_DATE IS '드라마공개일정';
COMMENT ON COLUMN NDRAMA_LIST.END_DATE  IS '마지막화공개일정';
COMMENT ON COLUMN NDRAMA_LIST.TIMES IS '부작';

--드라마 데이터 추가 ,'PR1',
INSERT INTO NDRAMA_LIST VALUES('1' , 'O1','PR1','A3','에이젼트 오브 쉴드', '시즌1',20130924,20140513,22);
INSERT INTO NDRAMA_LIST VALUES('2' , 'O1','PR1','A3','에이젼트 오브 쉴드', '시즌2',20140923,20150512,22);
INSERT INTO NDRAMA_LIST VALUES('3' , 'O1','PR1','A3','에이젼트 오브 쉴드', '시즌3',20150929,20160517,22);
INSERT INTO NDRAMA_LIST VALUES('4' , 'O1','PR1','A3','에이젼트 오브 쉴드', '시즌4',20160920,20170516,22);
INSERT INTO NDRAMA_LIST VALUES('5' , 'O1','PR1','A3','에이젼트 오브 쉴드', '시즌5',20171201,20180518,22);
INSERT INTO NDRAMA_LIST VALUES('6' , 'O1','PR1','A3','에이젼트 오브 쉴드', '시즌6',20190510,20190802,13);
INSERT INTO NDRAMA_LIST VALUES('7' , 'O1','PR1','A3','에이젼트 오브 쉴드', '시즌7',20200527,20200812,13);
INSERT INTO NDRAMA_LIST VALUES('8' , 'O1','PR1','A3','에이전트 카터', '시즌1',20150106,20150224,8);
INSERT INTO NDRAMA_LIST VALUES('9' , 'O1','PR1','A3','에이전트 카터', '시즌2',20160119,20160301,10);
INSERT INTO NDRAMA_LIST VALUES('10' , 'O1','PR1','A2','인휴먼스', '시즌1',20170929,20171110,8);
INSERT INTO NDRAMA_LIST VALUES('11' , 'O2','PR1','A5','데어데블', '시즌1',20150410,20150410,13);
INSERT INTO NDRAMA_LIST VALUES('12' , 'O2','PR1','A5','데어데블', '시즌2',20160318,20160318,13);
INSERT INTO NDRAMA_LIST VALUES('13' , 'O2','PR1','A5','데어데블', '시즌3',20160318,20160318,13);
INSERT INTO NDRAMA_LIST VALUES('14' , 'O2','PR1','A5','제시카 존스', '시즌1',20160318,20160318,13);
INSERT INTO NDRAMA_LIST VALUES('15' , 'O2','PR1','A5','제시카 존스', '시즌2',20160318,20160318,13);
INSERT INTO NDRAMA_LIST VALUES('16' , 'O2','PR1','A5','제시카 존스', '시즌3',20160318,20160318,13);
INSERT INTO NDRAMA_LIST VALUES('17' , 'O2','PR1','A5','루크 케이지', '시즌1',20160318,20160318,13);
INSERT INTO NDRAMA_LIST VALUES('18' , 'O2','PR1','A5','루크 케이지', '시즌2',20160318,20160318,13);
INSERT INTO NDRAMA_LIST VALUES('19' , 'O2','PR1','A5','아이언 피스트', '시즌1',20160318,20160318,13);
INSERT INTO NDRAMA_LIST VALUES('20' , 'O2','PR1','A5','아이언 피스트', '시즌2',20160318,20160318,10);
INSERT INTO NDRAMA_LIST VALUES('21' , 'O2','PR1','A5','디펜더스', '시즌1',20160318,20160318,8);
INSERT INTO NDRAMA_LIST VALUES('22' , 'O2','PR1','A5','퍼니셔', '시즌1',20160318,20160318,13);
INSERT INTO NDRAMA_LIST VALUES('23' , 'O2','PR1','A5','퍼니셔', '시즌2',202190118,202190118,13);
INSERT INTO NDRAMA_LIST VALUES('24' , 'O3','PR1','A2','완다비전', '시즌1',20210115,20210305,8);
INSERT INTO NDRAMA_LIST VALUES('25' , 'O3','PR1','A3','팔콘과윈터솔져', '시즌1',20210319,20210423,6);
INSERT INTO NDRAMA_LIST VALUES('26' , 'O3','PR1','A2','로키', '시즌1',20210609,20211112,6);
INSERT INTO NDRAMA_LIST VALUES('27' , 'O3','PR1','A2','왓 이프...?','시즌1',20210811,20211006,9);
INSERT INTO NDRAMA_LIST VALUES('29' , 'O3','PR1','A2','호크아이', '시즌1',20211124,20211222,6);

--나이제한표 테이블 작성
CREATE TABLE GRADE_LIST(
    GRADE_ID VARCHAR2(3) NOT NULL,
    GRADE_TITLE VARCHAR2(50) NOT NULL 
);

--COLUMN 추가
COMMENT ON COLUMN GRADE_LIST.GRADE_ID IS '번호';
COMMENT ON COLUMN GRADE_LIST.GRADE_TITLE IS '몇세이상 관람가정보';

--나이제한표 데이터 추가
INSERT INTO GRADE_LIST VALUES('A1' , '전체 관람가');
INSERT INTO GRADE_LIST VALUES('A2' , '12세 관람가');
INSERT INTO GRADE_LIST VALUES('A3' , '15세 관람가');
INSERT INTO GRADE_LIST VALUES('A4' , '청소년 관람불가');
INSERT INTO GRADE_LIST VALUES('A5' , '18세이상 상영가');

--배우정보 테이블 작성
CREATE TABLE ACTOR_LIST(
    ACT_ID VARCHAR2(10) NOT NULL,
    ACT_NAME VARCHAR2(30) NOT NULL 
);

--COLUMN 추가
COMMENT ON COLUMN ACTOR_LIST.ACT_ID IS '배우번호';
COMMENT ON COLUMN ACTOR_LIST.ACT_NAME IS '연기자 이름';

--배우정보 데이터 추가
INSERT INTO ACTOR_LIST VALUES('AC1' , '로버트 다우니 주니어');
INSERT INTO ACTOR_LIST VALUES('AC2' , '테런스 하워드');
INSERT INTO ACTOR_LIST VALUES('AC2' , '돈 치들');
INSERT INTO ACTOR_LIST VALUES('AC3' , '귀네스 팰트로');
INSERT INTO ACTOR_LIST VALUES('AC4' , '존 파브로');
INSERT INTO ACTOR_LIST VALUES('AC5' , '클락 그레그');
INSERT INTO ACTOR_LIST VALUES('AC6' , '션 터브');
INSERT INTO ACTOR_LIST VALUES('AC7' , '파란 타히르');
INSERT INTO ACTOR_LIST VALUES('AC8' , '스칼렛 요한슨');

--영화 배우 역할 테이블 작성
CREATE TABLE CHARACTER_LIST(
    ACT_CODE VARCHAR2(10) NOT NULL,
    ACT_CHARACTER VARCHAR2(30) NOT NULL,
    PRODU_CODE VARCHAR2(20) NOT NULL
);

--COLUMN 추가
COMMENT ON COLUMN CHARACTER_LIST.ACT_CODE IS '역할번호';
COMMENT ON COLUMN CHARACTER_LIST.ACT_CHARACTER IS '연기자 이름';
COMMENT ON COLUMN CHARACTER_LIST.PRODU_CODE IS '제작회사코드';


--캐릭터 정보 데이터 추가
INSERT INTO CHARACTER_LIST VALUES('AC1' , '아이언맨','PR1');
INSERT INTO CHARACTER_LIST VALUES('AC2' , '워머신','PR1');
INSERT INTO CHARACTER_LIST VALUES('AC3' , '패퍼 포츠','PR1');
INSERT INTO CHARACTER_LIST VALUES('AC4' , '해피 호건','PR1');
INSERT INTO CHARACTER_LIST VALUES('AC5' , '필 콜슨','PR1');
INSERT INTO CHARACTER_LIST VALUES('AC6' , '호 인센','PR1');
INSERT INTO CHARACTER_LIST VALUES('AC7' , '라자','PR1');
INSERT INTO CHARACTER_LIST VALUES('AC8' , '블랙 위도우','PR1');


--감독정보 테이블 작성
CREATE TABLE DIRECTOR_LIST(
    DIR_ID VARCHAR2(10) NOT NULL,
    DIR_NAME VARCHAR2(30) NOT NULL 
);

--COLUMN 추가
COMMENT ON COLUMN DIRECTOR_LIST.DIR_ID IS '감독번호';
COMMENT ON COLUMN DIRECTOR_LIST.DIR_NAME IS '감독 이름';

--감독 정보 데이터 추가
INSERT INTO DIRECTOR_LIST VALUES('DR1' , '존 패브로'); 	
INSERT INTO DIRECTOR_LIST VALUES('DR2' , '리안');
INSERT INTO DIRECTOR_LIST VALUES('DR3' , '케네스 브래너');
INSERT INTO DIRECTOR_LIST VALUES('DR4' , '조 존스턴');
INSERT INTO DIRECTOR_LIST VALUES('DR5' , '조스 휘던');
INSERT INTO DIRECTOR_LIST VALUES('DR6' , '셰인 블랙');
INSERT INTO DIRECTOR_LIST VALUES('DR7' , '앨런 테일러');
INSERT INTO DIRECTOR_LIST VALUES('DR8' , '앤서니 루소');
INSERT INTO DIRECTOR_LIST VALUES('DR9' , '제임스 건');
INSERT INTO DIRECTOR_LIST VALUES('DR10' , '페이턴 리드');
INSERT INTO DIRECTOR_LIST VALUES('DR11' , '스콧 데릭슨');
INSERT INTO DIRECTOR_LIST VALUES('DR12' , '존 와츠');
INSERT INTO DIRECTOR_LIST VALUES('DR13' , '타이카 와이티티');
INSERT INTO DIRECTOR_LIST VALUES('DR14' , '라이언 쿠글러');
INSERT INTO DIRECTOR_LIST VALUES('DR15' , '애나 보든');
INSERT INTO DIRECTOR_LIST VALUES('DR15' , '라이언 플렉');
INSERT INTO DIRECTOR_LIST VALUES('DR16' , '케이트 쇼틀랜드');
INSERT INTO DIRECTOR_LIST VALUES('DR17' , '데스틴 대니얼 크레턴');
INSERT INTO DIRECTOR_LIST VALUES('DR18' , '클로이 자오');


--제작사 테이블 생성
CREATE TABLE PRODUCTION_LIST(
    PRO_ID VARCHAR2(10) NOT NULL,
    PRO_NAME VARCHAR2(30) NOT NULL 
);

--COLUMN 추가
COMMENT ON COLUMN PRODUCTION_LIST.PRO_ID IS '제작사아이디';
COMMENT ON COLUMN PRODUCTION_LIST.PRO_NAME IS '제작사 회사이름 ';

--제작사 정보 데이터 추가
INSERT INTO PRODUCTION_LIST VALUES('PR1' , '마블'); 	
INSERT INTO PRODUCTION_LIST VALUES('PR2' , 'DC');


--OTT 공급회사정보 테이블 생성
CREATE TABLE OTT_LIST(
    OTT_ID VARCHAR2(10) NOT NULL,
    OTT_NAME VARCHAR2(30) NOT NULL 
);

--COLUMN 추가
COMMENT ON COLUMN OTT_LIST.OTT_ID IS 'OTT아이디';
COMMENT ON COLUMN OTT_LIST.OTT_NAME IS 'OTT 회사이름 ';

--제작사 정보 데이터 추가
INSERT INTO OTT_LIST VALUES('O1' , 'ABC 시리즈'); 	
INSERT INTO OTT_LIST VALUES('O2' , '넷플릭스');
INSERT INTO OTT_LIST VALUES('O3' , '디즈니플러스');







